mint,symbol,migration_time,signature
8EDKLzLvrsXGk1JwHrg8S3b2KWUSqeKacsnWoYvNpump,,2026-09-24T04:51:23Z,2EApDZ2bEzWzLEd7rvRrnFof7xDtSD8DXmhMLKi1ff1fP3KAsBGGce3qo6iGWcgDDTsX3HjxHxBiNSBSm1D8UTPy
9PAeHDHe6BYWDpMinZ438Cc5ENC8m8EbKL6Tbjbppump,,2026-09-24T04:52:05Z,2uHv7Vd5Hm3EduoYNbXQKBK2pZoCv68jvxvNDjMAg35htQVG9nBtZJ4DnQdSbhUp95ahaPaerKCmcRM1ziVwaQ17
FdCQhzKRrADd5Ffmu1TPxzbUz9t89HpHm1U7YuTMpump,,2026-09-24T04:52:41Z,2bSgrR7Mq5uDZwpDp4MeekVg1FQ68c6tbEhDWA4S5CqHawCi3gysHRjH1o5KAFaBsb2pnimtPnw1vp7Za2Msh5yZ
DRGH8WQtVZUy85VtbaSgzc2WzZa25bs9W1mt1MRYpump,,2026-09-24T04:55:53Z,5JKfzszuF2XYHirPncCUqxRERaAxxVZ2fDxr1cDqyhhZgcg9mStCj4MCnSH12Jzw1KkR4kYJkifxJQkYbAkfjoVd
83HmNTWRVQ6AL9eXWniRo5GjZd7maCQ4R1as5GdNpump,,2026-09-24T04:55:54Z,4n7vVZDiZGptVzU4UE9nsuyFAhPJfEWwxeL1aAp5j9u341RFe9uvtAXZd53YdPUDoeZamvVVqLUb32zuGhpSoF33
UsbTRX63nnjnbovfu8CB8MfnGvBDuPnLn948CX2pump,,2026-09-24T04:57:01Z,4Kn8TGVbEqW9urwTw6hn7JzFS73QKm4TJurmT6ZPR2GQNFSWndhL1HgXV9NJuH8dDX5vL1bLfS1dLocX16cHhRUr
hMuDaYGu8bNj3uJsaZxbhuhYtsnxPRqXX45YrN6pump,,2026-09-24T04:57:06Z,46ABkj4J9CD3PBM9NF7vk324kEKPuoshGkELHtH8c4pgNvUgRqCouVQFvK5a8HQMU41Cnh7Jzsce2ttNq9xp3BTS
G6CpZwhz1v2Nzs8yFbkGdwFyy9c2xheygy9fKXBqpump,,2026-09-24T04:57:19Z,fEMwLuGvcFeuYCBiB85pBnwNZcd7zLPC4i5aRR1q3NT7XiajRcHPJpAaLtdUR9kKJ7HupEBPpvgjS4xzhTfqvNk
7ZrxjVHheuf8VEEGkbddbCf4RMDBP2GSkBLDU53kpump,,2026-09-24T04:58:24Z,5gv5332VYG1vdZpz6BANiWcJsTEFrii1NE219GbajQ8EvauGzXx8tD9Jg2Y2iEtm1FYUPhcfi3aVY6QFdSodP2hX
6QKY8CfXWdQu9pBvh4RAZvX5yNP58zN6pYC8FwiRpump,,2026-09-24T05:01:56Z,2z8aM3zLEd4sDnVFdG2w39yZzWyz6tm5oXbEyotkgwFC63ahKEL6NCVXFFV9GZg2gtKXRPGG4oKgZ193bvUR3VhJ
ELUxDB6GfGNAPKYWFck4deLbXqA4AGZp7eJzQ8nVpump,,2026-09-24T05:03:08Z,3X4XrFX396GS8tryQ5hMbTuCxfQvPgy8Fb87XFAkQkBBQWePf8PBBHjvKrZwTD7rnJgUt2uuQ3pQJYqo2Ywq5Bv5
HKWp72BBE7giEdVciLf6PuKgkpo9jqT9V83ximEypump,,2026-09-24T05:03:24Z,129NF41eCLHBaDzRFpHeceyCaMmvFmkudVX7LNbTZF4ktiyAZL3YZw8MgAyw1oGSNvdrQeDmErewrveJSXoWZUy1
LS5oUBxKYxWGhjypX7mQPXQkAfsVfdsGh1yKeYPpump,,2026-09-24T05:10:43Z,4feKRrT9QXyh35XKFv9viptpP2VDLiWdQjcWCSbHoUumHao9LKiFCNt9ckLwAEGuAog9BPUuk52M8ii7jaeHf2Vw
7xDddGgDWBYED33sWwjDWSHCc77TZBRtFCesDCWWpump,,2026-09-24T05:11:14Z,2xKY9hFLepY6HJ1tJtSxFumw1XwiGDBYgj8bS6vpX6BaaPZ2UeNMkbEsS4HErTXXkDduDwbkRUyvXJLQTm8x7YJE
68SVgJMajJ7YvW8fMU23jdwxCkCoFmVKdKcLMQ8qpump,,2026-09-24T05:12:16Z,bdMDLc32SjqakwmBrW3VXNPZPHCgrnsHxWSm3NFeKJq69EUd8z5KsGGuhezuab4MqsRCmpoYhqtftGNta663yf8
3QkgZ5CGd5yb8NJ7iZYvUn5qvKEuU9u9F5Xag1a4pump,,2026-09-24T05:14:34Z,vHMEhgem5P9B8q76J1UF4SfSd4VHNb9bsoD9HPPzArz2nQquAHupTehQ599zaKxZKff9L747cYaNuMsxxv2QVYD
3MPMS79faRVnM99tdHJFEwit6pRMeQQrWfmX32dmpump,,2026-09-24T05:17:18Z,7YTVWSnS8JxveRrkXTAzVfQLrnRQishEg4qnrRqk7mxqruADCKfsSbrhoHCsohME55tfEizMrYCcq6ff1CJxnUH
E6K3WCVDiG9YKJupPsh6kV5fjopNEboMpNjeAEuXpump,,2026-09-24T05:19:47Z,24CMFB6ThhdLVbYBRc5wSGPuhULKHfmdsmW1TEZq2KxgbCzpowy3YyxRx1eubSC4hSUk8HXxTMkNpJrWN39Kz5oC
EtgKpFSD82LXvJR3niwWfHz1mtn1UnDeWC9WCVfDpump,,2026-09-24T05:21:00Z,3BRsDFzbXtc8fBWJBVsUXW7DuAdUNN1RhKtgH2cxFggKLr4cntpsai1JV6vQRWnb7AZSUdfsGSC2WvdZiW5aDmCf
mDvBaZTM2Ztj9hHcx3zmtg4S1SM6LukbWact7gopump,,2026-09-24T05:22:40Z,ePNWUrPRAqjHBNU6W4mcWJh5vEcqxtm2kQmhwE7L3bkcZe9mQ7CUW1wbGugmqpQZr3K9CJdp55QRzfjNaVt97aE
E9rgrSuUwqU7rdRmaDDqGAu6Sg5bxxCnYvrtcF1pump,,2026-09-24T05:23:52Z,S9qyWaAfm3f8bUfHxoK2xwggVoPTPeS7pg3iejUD6XEUxS7duurGkhNNAoL9BKfdg5uRKSdWYsXa7RcgQDQuo28
HttM53PkTxwtH18rkuw8kLnheSUTYxv3KiD4NtEGpump,,2026-09-24T05:23:52Z,2TifpxnVf9xMSqR8xX9nxgkEb4LPWhJWc1ojQvoiLq5iv8AmawByqKEFwBDRzo12p6LC4BsWKtv5fiYDZNJ1ENYb
CzYY6YjPNUE1XAFZHwRznQcYpUqqRXNZmCE6Ct7ipump,,2026-09-24T05:24:30Z,5Be87659VLfTnACJLCZAKvrAj15SDQqNDusw8nqMQDMq5X1z8XJqYX5vX4HiyWLTVFsruaSB76hfG6WMCBZe9G6z
HriUvF1MSL47EraLqE8BqQhho3Jcv9nh463oK1kWpump,,2026-09-24T05:24:36Z,5fLrGeYMYZdwETfvfxkUoF1LESpRpGk6aQuv9ejHwjvGPJ7d3rPr9VkZgo89FwCMRNJeKq6cMkbaoU2mAn6NV3rJ
9iWEDCKd1X54fGXoKVeHMknoE5cjP5fNyhNviWxqpump,,2026-09-24T05:27:44Z,4FQK8Yt1N76LPGkPiPx2FH763ahBmMx4Cfikazfsrr7a79ttY6n7FhAmDBcU8xnE7EA3NZF8KqHbDAfPwu2nxBMM
Bt5g3A1MRkazckoAaSfpt7vMAqK6bn6WLFSkrsLcpump,,2026-09-24T05:28:33Z,5ZkNf875A67PgLRyTMzBVkJ8hxAzKf6M3Q9VQCQqwHLC3zXuK5Me5GNPNYPCJyQmpZ63RJ6cbr29c5aa1DSAEZrv
hkbbSWjt8WJsqHAp3EiMgxDv7tne5gXNcNDuvkepump,,2026-09-24T05:30:38Z,ngDGDG4zcGFTccJfc1zwzpfJAPXg9UYLaDmfAWN1k7SMwMrcbSN3hQoToQiiCfr7mGwTTsuhVcWJEpbiZmyx4oR
FKhivsstimUPv5JADynbb8PiNYHVgst5dS8CWqdhpump,,2026-09-24T05:32:58Z,3B5zDeTk5a52mhBN1TQMTRTPHVyYBxefAmr7aoL5CPJxkaJ22skQNi45qQFzNbkkjaT1gYm6UFUntH3qxJp41ne7
4sg9yoBjYjV2AnyrWU2xp1Kgb3gfrqdhWkcCdAMNpump,,2026-09-24T05:35:35Z,577cmF3Z8qUWrWM5WEEoDBEVvKkujuEDaVMCUNDR3MaQrfZ6S4swJWs9JZkej3TnKQ94CBytFSbTWNkievLCMT9a
6D1iQ6vDoZoSzipmzbK5GnmKe9hUFxdEefPXVaLcpump,,2026-09-24T05:36:33Z,53XLZgEYe2qUhuZVwew9LFjNPAHCmhSTUsCgxqtNZyoudfG6oRB49ggdk8wWeM69F2c5F7aTArJgScoYEb17aEas
k8bWpT522B5MSohAGePwD4SJVV3GNCmLuiND9eypump,,2026-09-24T05:37:43Z,5wh6CyKvduz7Qoas1F7NDfWnrXk8s7JXEkqhSS8YEWGJaFdi8igdmLcoUxjycTdjijEcp68aidT2NdtDuSq3VEZz
PoGpZnNbrJZNovVgixakese3huDTyDpE3YGZ73kpump,,2026-09-24T05:38:08Z,2ZJ9uUYtdQvcW77L9ULW7cAEzeQJiajv6fa6uFMbEyZiuEMrRSN2ui79o1AG3uLr8kW7tQivswy7KnU8A6m6jTYy
J8CZYF7d5oxgSj2aZGYepF9HQiFeRHHZYkLHkh7Mpump,,2026-09-24T05:38:52Z,24dHh5AnLpkRR5J144HSLdfT2iRS9QSwBzpfXJnvvjseeNS4JAcxBMXd9cVdqtFaXT3Wmp3jDT2oSnPdkKm9n71c
4w1qr1Nd3Zhs3c1wDd5BVceMBDSU4dzJ7dBg6L6mpump,,2026-09-24T05:39:02Z,2heLZpCTThz2VMtQ8grWvFjjT5euFTkKH7RWE7tr5mShSXT6aPmK9VUPt4YzZgtccGeq96kcuo9x9w8XCz4ztTUU
dthThSwjZHaD7F19qdcg128BTvmf9tLBwGoJuJApump,,2026-09-24T05:42:01Z,2XP5kj8wmF9yKsZ2a84qAjo9fLrPyrrdnoM3BySNJMsiT2Fpb4z4HyZBtbViH44WzitEpFL5tQ2TiuR9uM7gDDhv
Chn6ZT8HkgWfmMfykcqjUeU5o4XvvwqFG6kLv4W1pump,,2026-09-24T05:44:28Z,4ybR6ixMfo92Ft4mdtmYaWKgBhA8hJfS8mtX5vF2DvTFDHUqUrdCTwGfGJPbmJF1GSEFRzFM19shKEmciPM8JQF8
CfDHDeD4gqJzBoSvBc3Vd8XvrD436WD95AMaZGXDpump,,2026-09-24T05:47:13Z,4qRZWMD9mFzqzKSR1wywpktzQR4FKjsxRDzUnsWe42UuHSrgnTiFyqnEaX9Wex99sMcm83cqVuBWmBbHzSM6re3k
GNAgBwuwkMh3yZ3EEoZmFZMJTj2jx4uZyosoWqDBpump,,2026-09-24T05:47:32Z,2wcHBd8zoVfT9TbQ89EwHjKU9dY7k8faTgZFRCFWQEonh6SnTKuALi9uHeuVhziZnz67TUsRKZZbKWmiL56qFw3p
DwHNSqyJmYjUmFyatgbqGEGWCUyyLjM3bSCqMzGspump,,2026-09-24T05:51:10Z,4eNvTmmzf46Tzaxw8MNzgvJzp4NksqtGgooefy6ao1UHQafiycjjyMChvBxqDsCoa3FgXwmUwXS2nmiGSDfe2vg3
i5RpnDtCCoi54GuDzANAZDYYwXD45FsJpbJ4fMBpump,,2026-09-24T05:53:09Z,4mQjm1JFrFoHx3LoKi26mmDUqD84hJyFEtUguk9dSUDdLpwwn5bh8zsMiskV3mkgSr5FXuXFDDa9tr3nbCx5MAFJ
GELfawLwh3pbR95C5xUYBL6iaFTXvkKbG4Ms5cjtpump,,2026-09-24T05:58:10Z,5q6MDU5o8jPTvxDUnu1Md67HcEM9bjxhg3Mx24cRdrRHkXjU2SJAwj1z54bf8C7BzLD7Rgqres9UNBsw2Emj5PeB
ZzXufQMeR6S1gNn2bB9P4degMUnrKr9EyuQ3QCcpump,,2026-09-24T06:00:24Z,5giWeFzctq9ESvQL4U57SuBsXgLNFwsqAbqPAQcdTDdnvwJyPXn1yEKHXfF254wRaepBnraEGoUmuomtvETyyQof
9q7ZBRdH1upwgy9s5YU4mwgenMiCwbnB9DM3wqjGpump,,2026-09-24T06:01:19Z,2EREWwq2PNYLx9S6zYNZy6xuqWfKYkwL1dBZQYoT4awp6koFLcgS7cVDGdFt6ch8kjw8DwN5DbkV6jt6FwLkpUkH
tur6uEV6aiynZGbPYkNhT1YbKiVPpoMVFj2GpUvpump,,2026-09-24T06:05:04Z,4zi3VoyxueLhrdKrBP62rR5r1yFbHJyWgcNXH1p8hcEDA2X552vsviYW3wYN2zqeVarXp7a7W6DgNGY2Hbfv7CTL
At591groZXA4CbRuCw3KSzhC85uAq7vUfE5smNkUpump,,2026-09-24T06:05:09Z,31z5igZcfoCj32tKszMPbCeqtnpjtaBY1T8trMoZMyvqsGgkjJ6Lsf25uFmme7asykCj8o56ykVcmtz9L37x4xj
VA3T463SvUtBcpDSsAkhgUNo6DciMTLUr7Z4bfZpump,,2026-09-24T06:07:11Z,4NPxWY8fXZAGbiMsVVmmmo4corrLctHrm3dbVKQ4RJGrJnN7neuvg7RET4RiuY88cMPjTC824veD3Z9JXYzsoyf
Bx7Yj6mgczyCZ3e7D7sUttJ9YYxfXAEjLLzwazMbpump,,2026-09-24T06:07:12Z,5qdUJNSH4KrHWJ7eCfzf5DS8KwfnSndtEaaN5UTY1JWuWWexYB37TVUf6dXq2x2iybqaRsaCEJ7pfr3nCpx58tJ3
A5JpEzkXqHTCtgeW1zUtXKvK3p44x2rPTNUcGyTxpump,,2026-09-24T06:09:45Z,3meg7pgzDcNsHVZskWvkzETtWnAR5GjNdM8Hk65TfModnaxRfF1m8ojRtrDeMYbRCVMHTq2pp1YSYxhzaPpvo5ep
3MvWUZoP4XWPPYmFykSm5e73iXvFkXJuTRFvuzpQpump,,2026-09-24T06:11:48Z,2Jg3MdVc2SrFkryGgEMYMgMPeML11YdHLDXxjSUcdCU7FpsQPd85g5NSbyHtuMMt7155w7ce6CqzbirSkaqfoRZW
64A619jJJwYrBnrf4hoZL3SEmbNuoYc7aqWKBZzRpump,,2026-09-24T06:14:33Z,29W7v77MRgHacLitCsGEgeQCJmgkEQn3Mo9AMJQTNufoaorDnPR7BxLGXjmE17SLopvjSTzKYbVU9eK9y9HjNXc1
Beg3HHjaCuvr7DBG1YNZc7zi1eFn1g4PSWKLgDA5pump,,2026-09-24T06:14:54Z,5h97qKBAW4uqtk83XRKsD7ya87oPTfNvzZRHLVsGcGcR3DoyrfaCSQhM2GiohcZX2oKMN9eLKxv1GRG7sezpgug2
ycnQU4nLKM7pK9FgFCK2B4gEy4hqeLTZKCKgKj9pump,,2026-09-24T06:15:44Z,4KT52fMifBK2fjiBQkZtVowMj2o459ijHxVJHRzrX3GJkALrQDpPPPoaPaQwnZA9gutAtPnVcKPaooNSAA37WNhV
e1EaMZbajaVxxnZ8TN7ghx1ED8U1wi3RXtjnhNcpump,,2026-09-24T06:17:22Z,2KK1aA2Hctpje9XSUHpxUp8HeyeJjDg2aJ4fcDYaNPHfb3FdBYgbsTv2xScDdPUTruBkueNJ2Z4czF1ghTUfdomu
AvEygAtPanVzKjXAfkZvmArkKmDoGvuWyLZ31zTfpump,,2026-09-24T06:21:19Z,2eYiW65AbWswnn5dAj9gfvxuPHtoKLN4Sxam1axqP98EQMysemkWYC4vN2cGf8k8oZ3vBwgqQ3MmCVGjqz1YJNFG
E2fpk8ySoU2qAjg6jHfHV357FreTozkvRgL9GZ36pump,,2026-09-24T06:22:15Z,nTuZD2u4EjJAGhaCMb3ECQ2dj6cVfEpcCHd1hVVkejxzdgd9nbNWYJ7dQoZ9fZxQERV2P5U1DwzTvUgSePBDFTm
7PHFykj3zD4Cy1gerCdU9L44m12jUV6Dc57aCaeApump,,2026-09-24T06:22:22Z,ArRijhcxYsfL5eTGVzhERjpahGCcxA6oQjCLAiijPmDb4xBReCadvJWcyU9cksuCSkvWBf97t7SD4LCnXKbiiC2
FDCPNopGryyGHpJ4vWS5tUVDBjG5p11RQYnCC9cmpump,,2026-09-24T06:24:15Z,3KnX7j3bQ6HxFnTfjx1bNFoCshHsfQZMAg8PBw79uUR7ynvFGAsoe6qCFw8Y1JmZnH9hv37bpFhbN6btYPExU9hD
6kZDug8bEaMz23GJUxfsgHdKAbTa4zEDqSLKdgFPpump,,2026-09-24T06:24:32Z,2YzzDVE2N2wtSUDoJmpAYs3DpwmZKetiS8NuWgUzxdBBjEuujT9xSJrH6UzkoBL9EiPnfB1o3GXhgaCVFUoEWKfD
FQrKYhQesoRNfXbLyneeUz4zuSqz1aJJcPw4CRgdpump,,2026-09-24T06:26:08Z,4ZUY3eyY56eLaDiBa3jpRCk8KrGYmKZee151nDNEyCrKC69CPWFuvtGpFnmm3PdsNzWRpDLHiea77qo4EvXzBZ4t
qyvZZGC9iD1cKSwoz8G6jaYPdbKXp6aWp6mdmzEpump,,2026-09-24T06:26:43Z,2YuLWyeEc1j3me3c1nAkc7rZtn9HZBxvFLPxwJKRKfxm6bc91CAxcX5PDMrnRc8t4VRFCHidzcHjSowC4vEA4dqu
PcEb4Chz4DnXF75cDCjvq9JqM6XoGBYv6FqWSdDpump,,2026-09-24T06:27:06Z,w12uY28bR9knGVRef7BcHtwbA4t4rR5bcnGabqAaxUL5kF3TsAUumdHu46GACXd2CQ4vih4DnpH3vdhvABgurtE
B4hf3U81N3xn2jYDXf8xw8DDtuCWdMcW5d1QdH9Kpump,,2026-09-24T06:27:42Z,4MAo6mvXE5cadksSuWNf4LAsxNxzBnC8AqLmMo7odR5WQMk5vRgXp35BU8WBjrpMVfv8bCECM6zLE3h8bpiJ358i
GbJXwyrMUJ5t9mLibTweTuYPr2HkqtzzYVMavaDrpump,,2026-09-24T06:29:19Z,2PSEXc55xx3CjhVg5FWUW6EGt1Eb5apHHKPskXxKUceFJjyUid5Y7ALAvaciZvKE9HSmr9yyJN3fBdXFqgwVmDKY
39DjBM64Je9nXx3eZsBc4vc5v82bKkddbNNQWi4npump,,2026-09-24T06:32:06Z,2vJ8rtyKsZ7RMMKu4EraY9gSNJRrqvRELEBkiS8Sjgmgh6UdFMbebjuKv5UDkQrTveGZBn7tkczqTBQcp1bWkUz7
HyozscgjbugXD5EeEz2EXqP8sbVYUzcLnKc5hXPApump,,2026-09-24T06:32:22Z,2jz4LrS4E6k82ay9e6v8HLeVpj5gPCCV3Rtmeb3G9wwjdpxNEJsSWiWVuNmN1hhgn85mNwVZfJg5rH28uYzHnVji
4VEag3LFESEHP76vBkFUMFbMhL1peqX2LGmkqsbWpump,,2026-09-24T06:38:13Z,d8s1Y69CceK4CreufSqmNhrEXsXW3KMz23YEopNnp3GgfMgdkh9xPpMPxJ6WN5UMMYcoEf18DS9x5gvu94YbvRA
eip41KXkqJEHtoZrZUVgRPhXuNSKrChYRuPbaDZpump,,2026-09-24T06:38:23Z,2kLcLqxxPfNjtjyHufgy1dQP6k9HUafC5Pg1WfM5gP62XEmVvG8QVLjQqyMkni9AxG2PZMaEDJpGGeBHapYw55kT
Emg6BbGwjQc4N4FQD9RLA8MPMXVWWkQxmoPe1WJupump,,2026-09-24T06:40:13Z,2A3BJTF19qzDWtXx9dzjb4fMVn511Ju6nJGnuZGzZJ8zPy74YGE6AQuDVYxTdLgcaqKMGfNjPW5tfYYcQMFit3Nu
Ufwjn7mtvgUfRG4nMSxRS84ewXHzdHLJRGzMDBMpump,,2026-09-24T06:40:45Z,5ire1VryHHayqmJERSpEFniUdBLkm9MqmdcoVi2mTWau9nssfwrJYkn5vg4JCij2JeW5JJhrGThXshCK1MhU2bLX
toHWTuJtKP6vib2BV6tey9x4jBVDycqN5yrnu2Fpump,,2026-09-24T06:40:55Z,4K5EcrfWCvhy6npvfqUSuXrPad24VDb4bubNCQvRsRDVMNTtqXdw7zbeVAVFkwoPFfmWSggzGe5JFXwAArqMZ3jz
A5bAUNKij8u7f3Dg3PuNyuMYcBRXELUm67G7qsrMpump,,2026-09-24T06:41:04Z,3hc7TC317GJG6xk2p1Gb6qFpWp5eWY3SPMWwXqqBWqVmANuab7dqTSQ2zXbi4SuM7iBs4jkKDPAmi71NwvMQWj7E
4nk11wRsFiSyWvGboF2cACaHmG6u9Gv5q8AhJL4Apump,,2026-09-24T06:41:44Z,42xH3vtr6wVsZvj6Z14qw9bRky5sCifc147TbP19eHXNQ3qAgjMoKsefarUHMLUPETZpGyrKhaQBJGCMt7FRbkBo
2r1QzuF3qG3Xq5NTNYG5XkPTsbUF3zWrdTs2JvGHpump,,2026-09-24T06:44:01Z,3NTTRTHF2Bnw1ug662YweqYZfh5na8uTk9763py3QkLLoS6X4FtvJYo1GC1mhzDTkB2FjQjRXWF1gy3GZ7VhapbJ
DmvjByc1BaV849U3Yv7GQPk7h4kKWsFzFi3ACKnQpump,,2026-09-24T06:49:00Z,58Qt8EP7vGyv35RtULUBrYeF1DeA5mnHNPhPdkPM6d9zkei22XUyd84DUhCN5vCzqS4rdUZr319qgfWxa3ZCfjGS
DFQHUegJWE29Xu3BUxPezqi77uyHURRyxJpdtyvLpump,,2026-09-24T06:49:13Z,6QiL2QEG7KQnKuJHffpEtMSWnPAptEhEawEjEsGyoavTzndEATmSBnX9aBB9cjJKrUJaZboepgoZmpnsHEVJQnP
6FibsAcYHERJGr2wYwt5h394Je14SE1LqwcdCa5pump,,2026-09-24T06:52:25Z,4bEqS7YCwy6ePgL3GTLLW1XZA39DobBDyGuxYqX1uhoTXjzZEi6TY14BQ7FJG9UiwveGJVMqJCmsEwcVyitzb9km
AJEbyGAQft4hwaRiVed2ksw4Z3wQdRyECFHdHMyopump,,2026-09-24T06:54:48Z,49uhB71RG2dAqK68s54JHhBrpdE98xoasMSxoevzBdNnoAYCRWv2ot232JrqCJz9MTtXaGBd3rAfxDfLBJYTqDac
jzZRZfiptEVdgwpZjrAadQDrfpKUpmSgmjH6SRPpump,,2026-09-24T06:54:52Z,3YbkQA1L6fqh8S1pUrD9e4ZDpSTra7A3Cb9rGEyBW4grXxgPL3qkB774kZdgPjx9YTDoswWxscLvNNenbVqMHoSb
HjPPetHFWjMCnukKF2unygpx2KYr1Bt4Y8LtRTPDpump,,2026-09-24T06:56:18Z,5z5t6fUoAKxLrPT99h2FFi7iTkw5sGVYoig6kSRmsgAiQvNdkVTjTf4mkEsuoyT8Qp4VbLDG7niryXdCZo8uNLqS
Uw6LHMwZNBi3ShiNT5qtveQTRm178WRrmCvbihHpump,,2026-09-24T06:56:19Z,5oVcL9ojqruJhPrqRgyf9DGms76wxCVphbkr6cFRjEncQsFu6rCs7vrfPySvG8xvBdTsmgjhzQdALmeN8Wf1DvYu
6G8RasXEaL8Syssdq9eCPXfMtRUUb9dKxuZNFqb7pump,,2026-09-24T06:57:41Z,5fnK6mpe4koNwQQNqfjRpjzTFxedsZjPGDg3zqv8FPE4MmrSD1KAtZMw6Ufu1wuf9rT6iyYL23Pu8sPLu41rrxg1
BYSxKqiKSWNZWELRhdvMZqJH6NA9YKBR6L57ZuMPpump,,2026-09-24T06:59:15Z,JG79TW8qZ5HkitShK7a78dmnNg8V3n3MM9YeGf3CtLUdxzK1e3Sxu9Gc6jwwwT7hZAN5gcJwB6Q3tFyUyUh148i
H7iJEyY5wVPb9Gcqc5HE27ZJmVYsnzHHSpaac4Gpump,,2026-09-24T07:01:17Z,3LdkaQwrfHG2kdCdfRDvSQREAYarshEZ8oJhWBF9rwCQiw88yexTdfspu2HUNR58Tdie8cR8uJBdPdpeiGBxc3s4
BvJbyLx3WnVNx7tvb3yGQBJA3VfNf4TfjhtPB9Rdpump,,2026-09-24T07:02:58Z,2CXrxMa82gyhHPR62N1WuJuZ2H4ZLc7bpa6KEHuQG3QBGXMcTLbo1xrh9Tg3dwXWZkyvKozo1yMuo4PxyDTkhgBV
CUH4rb2MLoDTgyNGbt2V4zwvauL17fqWXJdLYrspump,,2026-09-24T07:03:05Z,4Nvo5oJ8e4m5ysMifzFvXDAivnTPhXrLVxKEDXQA1C8aysofeFsYCgQodHNm2AWyE5zUnD7LhXduqz5WAGFhgL5
8L7Qs2Rzu1G7Pf296EDcDc4FCsPAQiSySs13rUErpump,,2026-09-24T07:08:42Z,4LaLEapPaT2mMkLhLirt98rzYrvZ1iLGoDSfB1kQMT6x8XhWiG4pVwEVtyLiNNH3w2XuBb9H1p46B2Exc2s4Uwgq
5Rfquu1UMDHyYqxpi48obim1H2DZ4dbLUnYVRG6qpump,,2026-09-24T07:11:13Z,634t12Cno2FcG26uDzzgATk33kX2n9YSexVx3AkvXyzvGpGRpT7efUoQWfrZgBqcxuzHiJXnkzXuSpdcNr8EGkxw
9Eb9AHfd3gErqDv5wP1fTZTATiW9E2ujf3s6dGRKpump,,2026-09-24T07:11:15Z,NMwu9XiKwJhVdygp8iBRUF4H9266cdXg48XZeFGsVLj4AqCayjWkZDgdwJ2X4i7PSFtmkvkeDEqeWTfj21y46hJ
vQGq2KuagJ47HiYmAxiiqke2z7A4eVTEHFDBRX2pump,,2026-09-24T07:13:24Z,3s7m6jjZkoVcX5DRUPB7xSzGqiPVRAK67Zc3aur5iuYTacgrwRNxGoA3xfq8Y2Euuw1rjognE4LBRBCd5fgVyChL
EfSzVXoeswSDZs5Hq583i44dwemagxW477JaNcNpump,,2026-09-24T07:13:48Z,2zJhQMA9Buw5i5q8BTMXBCDiKggoyhDHf5dwjzFghj6rE78F91BoP3T1rDSpsBe1Cx2RScYbbmU4grRjYKLu1a2C
ExSk7HpQZVoR7Q1GPVpFXtdYbcJmXS88f49DMtfdpump,,2026-09-24T07:14:49Z,59kcR2N3gML7nmVisJpac5aV2dFUsQB1sdktt2tpsw6zahjgvgLAX9szSkLXmXygviHScVfb9yeyo5JPMRTQuK41
A8fgDLk9rLHpJnFsd691xb5vaYfWnwkivxTZYYBopump,,2026-09-24T07:16:41Z,2zHdACj3VjxWMSyxpTNJMHTFPGuFXE3ygLWPAANKzY2x8LSVzxHRPdVzw1ZFHvSNAY7tcTVUNXcRXAJosd4PmymN
w9HuKQrrWLpLrL5F9pqN4Qb5LA4NFZ8KLgAMZFMpump,,2026-09-24T07:20:54Z,4bTiscS1mkUs6csk4qsHSVXEVf7tmWvTt94Rtfu8PzE8gRb6JHqXC5zYp2Am6MatGh2vh5rmUNkndrh8wgcdmaWF
nWXrvifLZdXcuvSnKgzw2emvSTd4GzrdvMYhPSZpump,,2026-09-24T07:23:02Z,2c9JPUfiBrmm6doGKEjZw6BYCKmSTBmkXX5b9fnVVM7rCTAghLB6ob5MCzruFRmACqLSniJQTEDxdiHJwCEkdQGo
BbMmgDNZyp8jEBUpMmSG1L1aqtLvu1ZKZiLNuHXDpump,,2026-09-24T07:23:20Z,4xZgsbxV6B94jFife7XSVqbLwHNJX5ukiqyx891ajCnSeREWjFWznttFPTbzq124dbk89tsPHFDbVZYAYXsTHAe5
3DSMjeDCgWFTd1EYJomnp8ZgfKw5Jm75ruRD1BuXpump,,2026-09-24T07:25:03Z,N7v7Wg8dWvsou2UBEvqFDzig7JBaCV2ReVnSXxhsLgTJGX7vwsxRshw98xVyEyatH4B9hMBVhZjPmbkuqhGtGzL
3prU6LwoaTGEDksZgYafjBoPK2B2E3M7Z4KAo9Ajpump,,2026-09-24T07:25:25Z,3ZynbvuXDSfCzTvwyAfVC7zHoD37S9weKpX3ycr3zjFRykDeezZL3iTsdDYms42EzvyuJvwqEp1MK9v4fPTY2dhH
GE5wH9JEFEnszr6iknwcYpH8YTmPYx78Ms3GVpBNpump,,2026-09-24T07:27:23Z,4LG5K3AeLbQC9ViC7eH6Bje44kVvxmfYKcknGy9nBi8HkUSSt2LragSma8JqvSKbjeELTcAyRdE9dTfvJvrZVWdJ
4NjMfEyVMQyJKU7WZqRptEVQPVcszUcgSJwxXZvkpump,,2026-09-24T07:27:44Z,jejXRwaXyxKDpmyyNh3EyaQ88reNk8uPybuNcxA9JEo5y2WBZ79essXoABN6LyoUb5eCXWcbYeMhtwpwEVNDwj1
CFvohwGNzD2iez4dQ7pQAvBeWUJgmWXEkMTTti2Kpump,,2026-09-24T07:30:37Z,48m4VNAByRwB2SqTst3vM7UNyDkGyMVh6Lb8sH6CMtGMPuVmtG4tkTtPk1PASXonLUZfqGnrU92YF5bck3axn1gK
DjYSdWw4V1okEJv1LNphsibMxLuWikn2T3HEnA6Cpump,,2026-09-24T07:33:04Z,5rz2NLUdi4B7DPLThg7bmy1bdgLjXvVaqzDiv3gHciCNjJH3aL3j3NEdhoViUXwK4hoocitmCdUjfx6YSmhbwtN7
Q1CoWX8ekRsdBSyXWgqdyQNjmR6dfTppy3vDrWzpump,,2026-09-24T07:34:32Z,JwLBRrfSfwithK7UM3Hay38X7gx32sj7qAqm8M3btuCsjvv2CZQrHzvjoZSF7GFu9F9AjLqwcQugJHiAZvqWDYd
SX1FHQ3wjpSJHQcYLFpC4eZQzRYYg4iKGsFK1Bppump,,2026-09-24T07:34:49Z,5EW2RAg9k9sMAFRSQEYUSTXPyPx1bAwEFtH1EoF6ixL3ZU81aNUFiftWweuGicdmvacB2EBhUVw9C9M5cQdei2Bb
9FPpqxkDEjG54TdnzbNxq8zFoP8V7wkrsXVfaQSspump,,2026-09-24T07:39:49Z,51Trr2pCJ6AVrditkEYB5erHFJMWkqtVUeLcJKc7sijbWHt444MhDQiynPVKiHbDiq473cA691MyAbqBQphT1eNp
3uJhcxrYEAzf7epifwYwaGDH32F27nzKyRH4kHixpump,,2026-09-24T07:46:14Z,JeztVzj1fgveoCQ2XheFwyMNwquohgh5HQnS76YESDoAWovpCDHW5cN677yYPWVK4rya6rGgmmdn279w7LsfaJX
aHHjNNakHyLKSi13sv1pFAQp9dvacgUiaFKm9vWpump,,2026-09-24T07:47:05Z,3stCx96knxMGLyxCkTtcp9nTAegFFgt6sbRxzZL1bMBc9fQHPtkeQoFXVRp8WPutCnuPooL45mzt8SHv6aJ6guqC
Crd5HaKdDirymgtX8pELd1DDmBeCTmy6ra8YjxCjpump,,2026-09-24T07:51:11Z,4DK2zfcv7cwiTJg8cNKVnDPoa3yrMGmts4o9yBf5DgxfryGmApZqEjHKTCFR4jkYwdKKYkMVrop8eNvndH7L4GC2
hFr6BkYCpNeB38N5LxFspfs7fVtFiAoTVDuzW1ypump,,2026-09-24T07:56:49Z,G7AvHPqf3CTf93nPJfnpEwd4yQSDCVunGkDskP9vMysTi7znQGMjuNrCSdYGTPwgEBcnkzQM58nSYeuAaF2YtZq
nBPHs3YG8PvrWYHR8hA26c5viMmiosEruhSLgsgpump,,2026-09-24T07:59:09Z,4KNM7GgcdNmTqroeo2aDo3ngpbZd65Lg4yTW2Jum8mxHTj7CjehuUGHLrCCCbhz9msTGtMkXecguANap1MUL27JT
761wFZytaKmQubAtzebUjoPvVjoUy8T5sE5RYZgTpump,,2026-09-24T07:59:53Z,5wxpDaYdPdsZe7fjfVVTSXexUua4SS71YC8ddYePJuP2whABV6s9deWmYorJJT8t1CAWWXAPjgSoPtBp3Y3cPzwj
7jMAxNVduVyvhh3rvunfGAhH6u46Z2qopqH9vB4hpump,,2026-09-24T08:02:24Z,7TsyVDWG864XqFxQBmsCksPPXWbNT3Nb9R6wTp82VUCA48H1FP3FPsUBxedb8688TPhPY7NTpppTjUNQwiPPwJi
A6RXCf8ehgxFdgehLdY1Lx16tjJmuwqiJQgTPNzwpump,,2026-09-24T08:06:20Z,5VrcbXASEg7egEXUWUnoh3VntUL66WkXBchvVCtwCMmcrUDZ5YNoLyPX7aYtYP9mk4N9y9CFBVoHG3F5CWUXd2DE
7uMUGDr8Kwj8hb68cDFMkmpCvMVejA3VtWDKJJ9Vpump,,2026-09-24T08:07:28Z,218ge66vWgqYDU2muTpRWJZYdBSfagnQVx6uGnaxT9TbWc1Jwri3qDphP36uArpAV9qK3Jfb6Xzrkm2G3emHRKEC
AcZx2dcryYz5b8xhn9xhWc2ue4RTHro26ve8vbiDpump,,2026-09-24T08:08:25Z,mGj63SwN4vd1rPQtPFGiY1f2JWj3Lpvc2w5txcYe3SawChwqz5B2CTVbVQjw51L7yRKYjEprM7dohpkyAQCKFgT
6Syj9q3oJnfkXBNW47kDD3WpRPtV2SYyzgbmFMrJpump,,2026-09-24T08:08:33Z,2qLV4pje7kePxhqng4vzgoirbNdTeBYbnpLuLZ4SKS7dmH9qcPU9GmRDJYHvwzexjEMwcoPjQh76W7dCyPxxaxHu
A6i4GPVneLUKV5b35QGLPetYfdzWKJ1MYtRGmYyspump,,2026-09-24T08:09:36Z,4bwSABRCmx2PkBHbE5V9VtVgM7pdG2FcM6yXMwUtJ94XH44ynNsRomxcBLM1NSVinANnPJbhRY2bbZNhYS5s1Svg
AY6oiLutkcZE9XGQUk8WRZWpYxTijxjqXxk7efLWpump,,2026-09-24T08:10:42Z,3EzGvxi2TP2cjjns2c84JAykzgbigcuC3VsMvmYt3kY7YoZXWG3QkhTif5a16SEpZP9dhaCadzvktLuHxtMohk61
ArbzJGihNSG259ox3zRf2AGtFoxRpugYDYNF8dc6pump,,2026-09-24T08:12:07Z,4yBae87x8mNosLV3EKLeTmeDFDhq3AgkAd8udvkfKKSGTyiuJP1KGuTVaA2jn9wtNiqG6CG7zK9ccPQzEnBczYME
YzUi8RJeMkHzeRMGaCwrfdKcv71bdAMGK3EWM1dpump,,2026-09-24T08:14:02Z,jfSX1Thdzs3HXhKsmTnAiopJwPE9P9FcxgiByK1aDucZR8AkfBPxBYZX7UapJLi1P5CUNVU6Y2a8CqEHHxZYo2R
FMKsTgmQxYhpmF21XRbXk3sk5XaATuyEkHtzp3vwpump,,2026-09-24T08:14:53Z,HWexoQ5kdmBRT4NALiyjRFTwV5Xm5rr7noRrWdfSwcNDurbf5f3r1myFZ5T86akEyjqpoaxGu29TUWuynJLRynY
7v8wLGseutfAeYdT56LXjZskF5Ah64sgvCYN9ugDpump,,2026-09-24T08:15:31Z,5coHEvLiQd9s76nKCtZxpvcdaw9SyhGnsc4gkDt6cSsHSXbm3jcyCvDe6MgxmghGDoMfMhZWLdCEwKfmrLnKL6Sx
3PLRKgJcMXGHKW7x6XK4SJsjm5tuskinUYwbV8mrpump,,2026-09-24T08:15:56Z,2qJZf9M14A7Abp5HG5n7PyDo9vMFMsWUwDsJEsyHv8gLvAXQD9KTh1FN5CGhaYTz3ne5R16y5YjowdFdmfdqtVrA
HwzAVWkB3oTuRBjkV2LTuHAZY8oFjc377qdfxKHcpump,,2026-09-24T08:21:07Z,FuAwnZo5UqSDTfpuxeCoyqMXh9rFSpDrfequb9eCtqdEnUz1458L539Ef8qDzU8u1oyN8XfQQyjyqJ7mu26ypMp
6v5ZvybfWf5B9pFCfFLMNwMqTbdM6bwsBVdAfGJepump,,2026-09-24T08:22:54Z,58HtwY3dUS9S5kdGDwE1xKyKEdDpNAEaq8NnG9CyZTU3rPhyDViKAwq3q84PQ9PmD7KxEXyy8XDaxcgXD6g95DMM
G52s8Begr9rHmDmPPJEeCXiwckigymnYqHwGB2fDpump,,2026-09-24T08:24:48Z,mqg6CtDpmpycoYw9Y1ehAunVoE93HJPHZTcn6UYv6VDxG9u4vdCV6a9q5FBVUtfA1rnc1djE4kDuuCZUD2rGAKm
E6asf2mRk7xbQSH816d1m1MAph7ZYFxn5jYCMtcKpump,,2026-09-24T08:25:14Z,3b2w16cGjkXE3Zkfmrf4pZRcGxUttpNYF5LN3Uzw1f3qbfEJdFfbtdhG5bywg5j4qTLGRAYtmB3cZhniRna1iP8D
H65RGwGrruzzpzBNgkrkynzMBFCkaKdPxRAA5Qxdpump,,2026-09-24T08:26:18Z,4vehY7N32k3bVB2Vu7mFLNpKfKdeZg7LTFDsUD2pKTUJ14LxvpcfxYXjX4HmTwCdus381svP4saYmn8QnUS94JX1
5bDSmegV9mkBaciQPat7T5rDbiCB8xmJyoseNNCKpump,,2026-09-24T08:27:47Z,2aaivHKsGzWUCqjHJyEiwmUq8Eguj7MiMHh4r2BguPNkpADJ2vgoXPTGuWQhQMZVUJ8VtwawbC2mFH6SC7dEFPVT
J8ZqjnWk9RScXzmZi4oc7xrYA5NQoaHfq61nDb17pump,,2026-09-24T08:29:30Z,gnyFJZu9LHdL4SGzVJXpVrv3M4spEAPhpQfHoDowmW9g7HVJS6DHDVfm3qbozvFUrKkhwASLxSZosLkq1LjF4Dr
CcABNqDr5zBYysu2VtPC7vJPX21wNxMNDTvyXofpump,,2026-09-24T08:31:08Z,4JJhfxohMLECP7Enxh7jGxsJXUVVKSLiWx3J8JRan7zZnJNdHYk5Ej2PJunmCr6J3mYebjDrsKcgKB5RySuPxnqM
DDCA6XE4PpYN2Ckx9St7iGA8xFftyNyo3R28ia4ypump,,2026-09-24T08:31:12Z,mkduuepZCDneKf1raPz93ptb6whrnc4kgZibU5SzTLgqDV1V6hWxfh7vcySadtDt5tdoBSJqdDbTWyBUKVgQAw8
HpY6LiBsVxLERjLTjbv2t4mY9nc1WcNMPstYWQY9pump,,2026-09-24T08:34:10Z,4XAQag86G2XtemkLkeEkBKU2HC3rz6TdgytQ6qP8DhdT6s6omK9SBttDmsKrSJzKaqRu8ES9m2XvKtRgAktTzcLb
2jcjS2zu7cTGAMcUwpgtchENkqXpKxePZ9tdSt2Bpump,,2026-09-24T08:34:37Z,4MxQx6zotdc2GC7ToidaCLyFzUgF5cpx2EAKL7GgsxRXAWd7euDNahsxMfiidwgNrCPRty9LzA1BH8iDzmQ2oNm4
GudJm1ktiyWRRAAFWgz6UNADFJQeAvrQo5AK6wFqpump,,2026-09-24T08:36:17Z,4E18HsYhNozHtD2Qn8qgwZWfcfGevzXUoWk9Ub2mfwbYZimp5fSmxSLWT6hLU4MvUApB4NXkKSWhdvNDvjusaU7J
yFcTuQJCMsd1Asya15GZ7h4KGdxsujRLcUiTWWXpump,,2026-09-24T08:39:51Z,48ZKFvCaCVy4zCXoXynLCxPv94BTsVQPsZKCx1Ehr5yexGCLHHRMVLpBHeELYuVLgZdunoBkW86RS3Bts3rGUMXg
FXvkgVRFfQ2KYJuAwS4aobtMS8qe96hs8XUWsn3Lpump,,2026-09-24T08:41:05Z,ti64v1M9ftEgJsGxZ319RzJvCNq8Pt8Y9v1zvUrgs1poZ6FWvYTAeVX6hhE2utD1WDiFviEbmTP7ZfSQb3m5uco
EaLq3CxTVtkMEsQhMkbJVv4e2S7K18iqZF1RfRfdpump,,2026-09-24T08:41:58Z,14ULnYGeac4AwySbnBgoep7wd8sRj7GyP5nj5NRcCurwcAkiYDATFDE2HJ8vCG3tyGfxqcdBTmpSR8uLTYuntQ1
EBSQcGpid1hvRCr6YshqdDdgNdJpGq1Et8CwFSsdpump,,2026-09-24T08:43:34Z,5rGpZKfeUrzb6WUh8ctjKssuhBaAz1Nuxb2nu4PhRDRLBiZzemr7dA57VJcu5aki4fnq2GpySfPjYXPhRcqeuu7p
5kdbTqWKajFMwTc2Mg1EiAeFzndWN7bX79BykGhNpump,,2026-09-24T08:48:32Z,hBHWj4LAEwj4coaL8d2SQTNmSds28TPW7MgeHHULhiLiSLwipSDfHf48eKMdBPSssKN7ksnXdgFjEa5SLt4YKiM
9854mC7w5NGnajGqi7AcU9rjirGjBZ2tNPxZnmippump,,2026-09-24T08:48:58Z,dZGA86cCzoyEHUb7mZRugu2wZjcJteuzpUpJW3HcV5EjfqupdYznvLjQ4mmrb54HLtE5efrjXd1rL7CuBuw6h28
9LUfP7XmpVxUgcwTaJz9SMHJA1m6t9HJsG558SLapump,,2026-09-24T08:49:53Z,3SFPqTNpZz4fmiwBJqxygfbpLCFieBCbF3Ve1nSR4X4TArVH2pdXQLbuyqx6Letka438auhME4tD7C9Krzf1xCLK
CQmF5Po3uaXhkaETH1z3pv2pionS1MvE3BLqjcbKpump,,2026-09-24T08:50:27Z,5SgyiN9m6jNYnagN8DuyUnFrkpCvY39uRGZbCe2T5KhgFV3UNM6rnKPYBWtRC5W2FQYFnpkUZpC3Lus8qatp6qii
qZbxwb4mrpjcGTBcmRSTiPvG21wYUriRYXQoRhbpump,,2026-09-24T08:54:07Z,2tDHHiZHqK1rMwB4QehLWZoJSi2ddUxZqgRxzNPPHHSND4z6ShLkjHMDiFRF96pYc8HtJhr8Son8jwU6mzwmPJRC
HQfciZiVsxbqW8DV6BaaDDyg1WU9k7V37KvFj5qTpump,,2026-09-24T08:57:32Z,4qbyq3k3R64LixKqbqcbFdWHqTdyVxP2M62ZTd7z3oVP9phaCwZUcEV5HT6oRfmeTcc3cRWL1CkMfBd6eGcrJBWw
JVt8XBznFyvYbWRJ1uRzmZVBp8mJxnVA6SzcmKNpump,,2026-09-24T08:59:30Z,qJgWBBD2t6hYsXzuycVHeuTRXrQ6bpb1qzpbt1uLgqM4MUPkDPs4FXTVJADqMbpJQpyKjpPFxr3APt2ubM2sr2J
3xMzpisHf6Cp5PLS1rQ4RUxwA5vMrcL31z2QTDcspump,,2026-09-24T09:00:18Z,52yHviiVnbvXyfqdorkV6eGAY9if7nVihmbWbEhzAKdL1feBbdjNND8djGaQCLM7ZtCVvBF6WqBLzX7btChmxD8n
728UyDWgwpGMxygdJKijS4cXKiXCyXpnCch4T45Bpump,,2026-09-24T09:00:47Z,dptqrVQUyQhvuQyiRFauc6pYToAuG9p1Y4gMAosLAQRdwNMZLmuVNhdZQFUpHAupddYd2khBj8JYEymRCpDP4L4
J9Vza9vLJmki3DWsJBV1GaFFSpcYgwm1YgHZnk1jpump,,2026-09-24T09:03:44Z,3FQusB8KoEpPPKQXdDb1X8YmDWwA8y69vNGhgGiFiQbaRZxywJrrFz8YCHA6Xz5GKqjkU9FUtkjJEJDNJauFPpHu
61NXr7XJr9kNxhRNrGJapTjFqyVrVLzV3kgnKsb1pump,,2026-09-24T09:04:21Z,2RupXyPFLJ6n3SKQwSoXdrcWoJ2aUG5bUyofKZVENnfFokwqYT71zoaxtyWBDs7t6gcvyWXJbwvxAotpcQ5aCBce
2NnEnesFTF7XKpU55be7JdTXarcaRT9K3qqKe2TXpump,,2026-09-24T09:04:44Z,4HHCoGix97dtvRkwnxnVUg7yyVwTXF7xwdakU5zSdinouY6r7xFazQfkqJMhUi3Ksbwoxhrpw6s4KGGPHRvtjSxr
83pBP9J3LUwczryd8MgcjLJJNucnCzEhsM8ZkUhipump,,2026-09-24T09:10:13Z,66Qks3dArXwqrsKnAGeFatg9VLC7pKK8MHfSRQJAbi7dFGEPd86cACWie9UTtArqr3c4WoPZTFpELpKGbMeMsjzD
DoZM6BmVV366J5NzQtL2XskdX3VHnoyWWv2D9dT2pump,,2026-09-24T09:11:41Z,5QmFt4j7HFmhAfEKuYa8FNfULDfUD8xjAbptFEuPnfQzLU53mLLMomrwc3cHQ1hhihZoQLnkxzpssSNrD9JBX8zj
qyJy5N5MRFXJDWXRZaKVhjaHgd8YQdGru6ifatMpump,,2026-09-24T09:12:14Z,5j9dpArAgb76EnbNSd9SwK32DZuRWJV5DYasD5c7U6KLufToe2Eb5xdCCBgFrdnwJNkGM1ZBNxL3mo8ZJG3tG1o
5nzhwxDKs3sepDtmVpCK9cfw9qh8CYdqNTaSA6QTpump,,2026-09-24T09:13:14Z,3NYbiUUPefnY5xMvbVSWerzHLwrbgL1ZjfcBYe429odwjV787qFjTji5E1Qsn8bG9FHE5dS2q1Q3oDF17UL1skj8
AwgbhPqdEw2RdoZDqmwypZMLWaS5JpaHcwQpGuF3pump,,2026-09-24T09:17:18Z,wXUn1cASQv28CiyuZuC94Ja1CubdH4578S4C38XCdsQrcWTwZeMzmK1nJxLybuUbh6HLZ42vEY4wPJwiEXZ2FBY
afv2DzTApoKPc2ekx8KuNH4xdKjuYLk7ahy5Rntpump,,2026-09-24T09:17:34Z,2NT5eoTvEC7dTdG4bB19Dk76Pc9PMZg4s22XuhyuBigk4t5KsU7P3Ru9nd8iqJsD93vViMVT7hwJU7PEvtwBpU2F
zFmuEzsiZtvvfqSnJXHMtW4Gnwkkn4fvT7TFeMYpump,,2026-09-24T09:17:54Z,5iuKUAVsZFa1QetZ9zpafTurKZ5ki7sRXiWB1Ddj1nXsxE9UKDaPt9qFBK7cVwWBnHC5hLsPGJgyRsCXVzqHBqBt
GUD2h7LVsiNyuuLE8Lh5cTYZYUVeRdgPs7a7SruKpump,,2026-09-24T09:18:31Z,4z16XEomvDT7ERsKFvAaALarkggczZPzTy4S7v6H1R2UqXpgsoisjbwSUjap7A2FLUfk62tEZTeML4zrcKSSDmN4
2dwZSTvfBx61xgfw1CeojdzTEuECymR7AjLFUoprpump,,2026-09-24T09:19:04Z,38BGZoPo9E4zdwH6WRjjyy5eJoPehie2hkR4Sa3Py6jB6CjWL22sCKqSSLAiiewy7rtxmFd2A1RJEsh8MV8UPa54
zC1ChzeMwK5JTJCUwnqieudSqXqmBdGNPVViu4Kpump,,2026-09-24T09:21:07Z,3TiXgGQXQ6L6VY3KtJJJhgQKgsnoFpeBuXcaTnQtG1mSotqZFicmjMB3DUCcAVk8v9bzEdbMtav9yhZmsifKf9Sm
6yPf9h2ih9PFngLXNt7DTwP2YamkXvZ68g3p7kfApump,,2026-09-24T09:21:07Z,5bZPx6YsxKp1SgncpRXaMJxn8d5phjRk43jPXdkfyxzrLBbDLBzWzgbS2UhjEGM4wPhUYvhRkupshEcWz1q4BVXK
G2BcVT44zASuHqbSCyTVv5myW1XZd3HAuprJU3XLpump,,2026-09-24T09:27:00Z,4wLsmraBfW4tzhHSPBocR2C4yB8pq1uav27j8bNNJ5TWRbF28FhbjTDHRapozjmocsziZUQNTWrS1cvcv8ELUhWN
AQHXWw9EgX9THA6E1xjqXnz4DrMQ7fJEFBj4WSjVpump,,2026-09-24T09:27:47Z,2t7jy5aCqnvKetTE2L2cv7yawuCd3EF4PPE2eTErsYsUL4KpbGJrP9B4gvCYG6KsaWVofZCEKwd9zuX4Ey9d7DHF
2YsDuPDaXvygXzimtvHeHYdtK6FAcwFbtgfugmk2pump,,2026-09-24T09:29:37Z,2BD2YthADCZcmmnZxdq3fntA3xaed6MAS7KNrveKQ2myFCafxfHb2EQSe85eFYrrxmW8kUH7vQWNx3xvaojcyJsY
LoK4DqYAJg2qks2AMHh7KVdRs1uSzWWJpSunShipump,,2026-09-24T09:34:00Z,5f6CiNmEhGnbyHXqZCi4gLMwNHWh9y9mzxozhSbCntG1QHg1NNcky9gzcsHMAPz81YdXKSs3U1Ygdzqsdid3WZvc
8m1yzDofuxPyG6qn8MNny3nQJT1Cqq3r1qTzWnTpump,,2026-09-24T09:36:06Z,3HSZQAEtMFgF8AjNqKL2qCt3BYkgcpVPNS8yEX3E7f8eSYHxjeLY1CGyCwycJq7cYDqPwRPMg732pFRjdiEejaco
FsTs1teWnovkr8iRCmvbAnzsFqEKbSXGNKMKozSipump,,2026-09-24T09:39:56Z,U1D5d157GA5xNB67xQL1ye5y6Kr8JjkyGFwKiK3S2d7C14nzG75kGonYUir7dCNfmpbrFdz13JHV8W7xCfYm86Y
HkVY6WzouHGGV8Xewb7kUGNfZoxchQNxtqspjobnpump,,2026-09-24T09:40:40Z,5GXwjbYMWzwqgDeMF78hsbKgJwDW3ihY9dmmqjp5qbDf3JbLNFQeJuEAa3qQnQqMNaNAu1FiBgkstzQotywob7pN
BwTuxGTRziEWrNSWyWoYf3VN95kQVvWgXrs3W9sjpump,,2026-09-24T09:44:32Z,2GDK3iHbrbNkvodjSc9SMvpprRQ1FgH5xMn4UpuqkoJBPNDyAiEmqgqUxaK3T9H51GuUXf82gGWcqc4BPN19cwvp
E9tR5s9cGLK7eSWkRGBe6FQ4aTh5iTXcyZW5mRDwpump,,2026-09-24T09:44:58Z,25M85EwNMv1ZjuM7MiZdgvBdniEYqtbjnM6ETWmhFE76iRbH9P5WYmUU2SoxB99EkkKv6DZZM3nqfvBeesCZRuTp
7bGfbHpFze5MZR9baDPMree7cvZuE4nkU1383biwpump,,2026-09-24T09:45:29Z,2XrGBEpWERAafGgMt61CiGEz63kivj5v6ApZNRgojfz8EwpPoQRvjf4qg5cSuVkpPi3F9Vi1U4jbqFBxQXH8arCA
FRQcTAHbjhhUNvEf6tNUjGqRnw7saXUuhsg5VySypump,,2026-09-24T09:48:14Z,3ArRRbeSgEpPqWs4tatYZTaxD7kEL7BqwF9imBVgZr5aRLADseBtM7C1hhzt9fXaKNQ8oGPzYYZWbB95ufEsoszn
GDsVukNDGukURCAo2pnqXtJwkRyGaHZHEtuk1N1pump,,2026-09-24T09:48:58Z,5QA8pKAdiYCCmhXGsXKG2hiXrt4ggWz7WpwcRu6BdKPBvKXkjYTQJ1M58E79ErKSWphd2JzxJjknyivsJTbjgdXm
8x7ThHpzMLQMPaCGfqUXk5x7FJGDnLzDERh82jiQpump,,2026-09-24T09:50:13Z,2STwr4iZSwHJbWDn7fVePv9i3Ab1hxNKSUH9m7p6PaZEtnvFFRjqBUhtXG3gDZhqiKszuKBytaxmHBxQsBCvecjZ
9nQrp4j3ymiKqbsHWUFB4UFmBzta8akCS4RFVRckpump,,2026-09-24T09:50:22Z,3ZiMQTuMmQQU2DhvPzGhCYXrZqCGXNxmENpruxZnybvssmLetx8D7WSr5uSXGRUJBCRXHNgzaUtoc81zVS6pwUa4
