id,date,ticker,pair,age_min,mc_usd,sol_price,mc_sol,curve_pct,ath_usd,holders,top10_pct,dev_h_pct,snipers_pct,insiders_pct,bundlers_pct,buys,sells,net_usd,dev_tokens,dev_migrated,mayhem,dex_paid,reused_img,est_A,est_B,result,peak_after_usd,note
1,2026-09-27,REGULARS,SOL,9,21700,124.17,175,81.4,25200,129,29.1,0,22.2,20.2,25.4,497,305,6120,4,3,no,yes,0,12-18,1-5,NO,28100,на 38 мин жив: MC $26K кривая 86% не мигрировал
2,2026-09-27,Hope,SOL,4,17900,124.22,144,75.7,23300,84,23.4,0,0,0.45,56.7,518,204,5200,14,2,no,no,13,8-12,0-1,NO,47100,разогнали до $47K (почти миграция $51K) и слили до $3.5K
3,2026-09-27,casinu,SOL,2,27100,124.10,218,86.9,32600,211,27.4,0,5.7,3.96,38.9,384,213,7070,1,0,no,no,0,18-25,0.5-2,NO,43700,разогнали до $43.7K и слили до $4.2K
4,2026-09-27,FINE,SOL,1,10400,124.00,84,57.0,17500,152,16.2,0,0,0,28.9,439,251,3140,94,3,no,no,0,2-4,0-0.5,NO,21300,сдох до $3.7K
5,2026-09-27,WARP,SOL,5,13300,123.94,107,66.3,17900,104,25.2,0,0,3.42,19.8,381,266,4750,1,0,no,no,0,5-8,0-1,NO,21000,на 20 мин жив $14.2K не мигрировал
6,2026-09-27,Leverpad,SOL,3,8940,123.93,72,51.1,22500,149,17.5,0,0.17,2,13.6,469,338,2730,1,0,no,no,7,1-2,0-0.5,NO,22500,на 18 мин $8.8K не мигрировал
7,2026-09-27,ACH,SOL,2,16100,123.93,130,76.2,16700,103,25.3,0,0,0,6.93,313,199,4620,513,27,no,yes,3,10-15,0-1,NO,16800,сдох до $3.3K за 17 мин
8,2026-09-27,DRAINER,USDC,9,39800,123.95,321,92.4,41100,239,21.8,0,0,0,15.5,634,382,9900,519,18,no,no,0,40-60,0-1,NO,41900,дошёл до $41.9K (миграция $58.8K) и слили до $19K
9,2026-09-27,BLOX,SOL,0.5,10300,123.96,83,57.0,14200,86,28.0,1.05,16.3,0,13.7,128,40,2830,1,0,no,no,2,2-4,1-5,YES,70000,МИГРИРОВАЛ за ~7 мин; после миграции пик $70K и слив до $5K
10,2026-09-27,SLICE,SOL,0.8,31800,124.02,256,90.7,32100,232,18.3,0.23,6.92,2.88,60.1,426,169,8270,8,7,no,no,2,55-75,0-1,NO,32700,"на 12 мин $18.8K: слили с $32K, бандлеры 60%"
11,2026-09-27,memes,SOL,1,9340,124.06,75,52.9,14500,68,21.4,0,0,1.31,29.1,284,226,2680,4502,52,no,no,4,1-3,0-0.5,NO,14500,сдох до $3.5K
